date,strategy_2bps,strategy_4bps,spy,stocks_held
2024-10-03,-0.001933609512773486,-0.002333609512773486,-0.001828217839187074,25
2024-10-04,0.017323576042979124,0.016923576042979126,0.009087386847944634,25
2024-10-07,-0.002594561737127723,-0.0029945617371277228,-0.009040455164229244,25
2024-10-08,0.0033558248371919454,0.0029558248371919457,0.009457555477280666,25
2024-10-09,-0.00026225981336180893,-0.000662259813361809,0.0069263918209256925,25
2024-10-10,-0.00742260382176378,-0.00782260382176378,-0.0017500086634092415,25
2024-10-11,3.013261269513767e-05,-0.00036986738730486235,0.0059882318226789355,25
2024-10-14,0.008633075610234818,0.008233075610234817,0.008178336036440248,25
2024-10-15,-0.001291793309194826,-0.001691793309194826,-0.0077697152245346235,25
2024-10-16,0.012544103268331575,0.012144103268331574,0.00434647624961193,25
2024-10-17,0.005713913982527443,0.005313913982527443,8.586639189434031e-05,25
2024-10-18,0.003270429985808865,0.0028704299858088654,0.0038464840731518013,25
2024-10-21,-0.0011074469470376998,-0.0015074469470377,-0.00164217656819321,25
2024-10-22,-0.010238616555396186,-0.010638616555396187,-0.0005311584394221969,25
2024-10-23,-0.010523635985890682,-0.010923635985890683,-0.009137351710896358,25
2024-10-24,0.011386044912646947,0.010986044912646946,0.0021626671741725723,25
2024-10-25,0.009620373787750044,0.009220373787750043,-0.00034528002209799347,25
2024-10-28,0.015316061993880333,0.014916061993880332,0.0030913235700471553,25
2024-10-29,-0.007089494459313803,-0.007489494459313803,0.0016183737065922355,25
2024-10-30,-0.01595812570966534,-0.016358125709665338,-0.003025250528559398,25
2024-10-31,-0.002261903943517427,-0.0026619039435174267,-0.019603110291201875,25
2024-11-01,0.007915378324008493,0.0075153783240084916,0.004220596510973618,25
2024-11-04,-0.007616700033985726,-0.008016700033985726,-0.0021539646959932712,25
2024-11-05,0.011480636961247433,0.011080636961247432,0.012091749881539604,25
2024-11-06,0.054495108091076584,0.05409510809107658,0.024865614704352224,25
2024-11-07,0.022248593802094565,0.021848593802094567,0.007732133188955048,25
2024-11-08,-0.00424015804383632,-0.00464015804383632,0.004331693557865224,25
2024-11-11,0.02165510221282586,0.021255102212825863,0.0009528745047560072,25
2024-11-12,-0.017148965983731276,-0.017548965983731273,-0.0031064199345314236,25
2024-11-13,0.015002803539042759,0.014602803539042758,0.0004858435248786819,25
2024-11-14,0.015446473930141364,0.015046473930141363,-0.006430114368961348,25
2024-11-15,-0.00811767450763384,-0.00851767450763384,-0.012808628971096359,25
2024-11-18,0.0008760672920481531,0.00047606729204815307,0.0040973111395645745,25
2024-11-19,-0.009400536645640004,-0.009800536645640005,0.0036555300518574807,25
2024-11-20,0.007964016709469194,0.007564016709469193,0.0003388107741826296,25
2024-11-21,0.017086291694320275,0.016686291694320277,0.005368331922099845,25
2024-11-22,0.000745584851257473,0.00034558485125747295,0.003099364967069196,25
2024-11-25,0.020183487136161547,0.01978348713616155,0.0033920505113262944,25
2024-11-26,-0.007627522831248332,-0.008027522831248331,0.005221495155054878,25
2024-11-27,0.01364780398138569,0.013247803981385689,-0.003030050778323412,25
2024-11-29,0.011422805056958089,0.011022805056958088,0.006212113621561821,25
2024-12-02,0.004233459652264982,0.003833459652264982,0.0017923823749066425,25
2024-12-03,-0.01630579024519951,-0.016705790245199508,0.0004638603117803619,25
2024-12-04,0.0023144801869244658,0.001914480186924466,0.0062095345332913165,25
2024-12-05,0.017569690031967265,0.017169690031967267,-0.0016456571108843798,25
2024-12-06,0.012814810942790298,0.012414810942790297,0.0018956252266508766,25
2024-12-09,-0.0025286112127419266,-0.0029286112127419263,-0.0051496355769072855,25
2024-12-10,-0.004256890247948974,-0.004656890247948974,-0.0031090824899120406,25
2024-12-11,0.01664347395364205,0.016243473953642052,0.0077305905773059624,25
2024-12-12,0.007064333673416048,0.0066643336734160475,-0.005152602640503101,25
2024-12-13,0.002977473642162294,0.002577473642162294,-0.0001985670080916213,25
2024-12-16,0.009478741135303174,0.009078741135303173,0.0042700385627512105,25
2024-12-17,-0.00427452000065001,-0.00467452000065001,-0.004120041530018659,25
2024-12-18,-0.0032007620428079918,-0.0036007620428079915,-0.0298035711330652,25
2024-12-19,0.02967499864302959,0.02927499864302959,-0.00030702053626241455,25
2024-12-20,-0.02032577567548802,-0.020725775675488018,0.008616277085821356,25
2024-12-23,0.0021889702352463126,0.0017889702352463129,0.0059883278355747915,25
2024-12-24,0.012659715186035024,0.012259715186035023,0.011115034723973682,25
2024-12-26,-0.009160767943078801,-0.009560767943078802,6.652253450867285e-05,25
2024-12-27,-0.005861260488159004,-0.006261260488159004,-0.010526490837130531,25
2024-12-30,-0.024948146379499245,-0.025348146379499243,-0.01141157291474082,25
2024-12-31,0.012572759846027137,0.012172759846027136,-0.003638094590459273,25
2025-01-02,0.02481317330166466,0.024413173301664662,-0.002457002457002533,25
2025-01-03,-0.0058592494837940955,-0.006259249483794096,0.012503420908593466,25
2025-01-06,0.025300003005882275,0.024900003005882278,0.005760621674127719,25
2025-01-07,0.004350458242003281,0.003950458242003281,-0.011304084923407731,25
2025-01-08,-0.0659471424042752,-0.0663471424042752,0.0014610196558109134,25
2025-01-10,-0.011210441204011351,-0.011610441204011352,-0.01526743456207913,25
2025-01-13,-0.06460149494834223,-0.06500149494834223,0.0015504143051559005,25
2025-01-14,0.04544082315780927,0.045040823157809266,0.0013760126593165278,25
2025-01-15,0.0721012142840205,0.0717012142840205,0.01818993799275126,25
2025-01-16,0.0037682930206611644,0.0033682930206611647,-0.0019231418064037387,25
2025-01-17,0.021860294826316858,0.02146029482631686,0.010039889121763235,25
2025-01-21,0.025137916718379415,0.024737916718379417,0.009153586130727032,25
2025-01-22,0.009108905175617169,0.008708905175617168,0.005621424425835464,25
2025-01-23,-0.022162923215158652,-0.02256292321515865,0.005458083239891831,25
2025-01-24,0.01855927821972175,0.018159278219721752,-0.002919229192291928,25
2025-01-27,-0.09557589055962867,-0.09597589055962867,-0.014145434807638524,25
2025-01-28,0.027617089361491147,0.02721708936149115,0.00859235530640512,25
2025-01-29,-0.0026058411373112733,-0.003005841137311273,-0.004482895520412922,25
2025-01-30,0.026714146832082855,0.026314146832082858,0.0053671424535983725,25
2025-01-31,0.009961212604804303,0.009561212604804302,-0.005321962184318241,25
2025-02-03,-0.06740010399610388,-0.06780010399610388,-0.006729586919677066,25
2025-02-04,0.006939128830434944,0.006539128830434944,0.006708265720929418,25
2025-02-05,0.008387774139590527,0.007987774139590526,0.004054637907541014,25
2025-02-06,0.010513957066824712,0.01011395706682471,0.003475555261328589,25
2025-02-07,0.021039806850889214,0.020639806850889217,-0.009153582266789972,25
2025-02-10,0.007026941743961733,0.006626941743961732,0.006791284518201657,25
2025-02-11,-0.01652514401065779,-0.016925144010657787,0.0007605191369759456,25
2025-02-12,-0.013723307872053957,-0.014123307872053958,-0.003221489815135925,25
2025-02-13,0.02504362774067786,0.024643627740677864,0.010557544417926223,25
2025-02-14,-0.0094331249576099,-0.009833124957609901,-4.9202105850132405e-05,25
2025-02-18,0.0069714924060730165,0.006571492406073016,0.0029358701000492538,25
2025-02-19,0.0028230479960012957,0.002423047996001296,0.0023549035961338838,25
2025-02-20,0.011828138432966854,0.011428138432966852,-0.00416034457442116,25
2025-02-21,0.012655113597168645,0.012255113597168644,-0.01710409908581534,25
2025-02-24,-0.001961927312560254,-0.002361927312560254,-0.004550455045504553,25
2025-02-25,-0.03222108216157089,-0.03262108216157089,-0.00497312503139602,25
2025-02-26,0.028792041003769038,0.02839204100376904,0.0005048465266557223,25
2025-02-27,0.02805862397374458,0.02765862397374458,-0.015961920139940133,25
2025-02-28,-0.03363292123997581,-0.03403292123997582,0.015605503803093779,25
2025-03-03,0.03385722455566541,0.0334572245556654,-0.017519943451479336,25
2025-03-04,-0.0378221088996906,-0.038222108899690604,-0.011836853555338478,25
2025-03-05,0.0026547844931648526,0.002254784493164853,0.010747841764032762,25
2025-03-06,-0.05034897380874242,-0.05074897380874242,-0.017751174836208805,25
2025-03-07,-0.010545817395482273,-0.010945817395482274,0.005604930942361586,25
2025-03-10,-0.04201226731145122,-0.04241226731145122,-0.026635643839421963,25
2025-03-11,0.0005112257527049695,0.00011122575270496938,-0.00831281886617441,25
2025-03-12,0.05412231046176687,0.05372231046176686,0.005306518923586134,25
2025-03-13,-0.0025007777495618996,-0.0029007777495618993,-0.013330470413513096,25
2025-03-14,0.03410506260096252,0.03370506260096252,0.020655761488520552,25
2025-03-17,0.0008421075974468155,0.0004421075974468154,0.007711305769265042,25
2025-03-18,-0.02786087196416777,-0.028260871964167766,-0.010808428105439472,25
2025-03-19,0.013270195769455945,0.012870195769455944,0.010890877330576476,25
2025-03-20,-0.015515256863424141,-0.01591525686342414,-0.002891753213548953,25
2025-03-21,-0.025783111789659578,-0.026183111789659576,-0.002670250579143718,25
2025-03-24,0.03661243951833987,0.03621243951833986,0.017908436469378453,25
2025-03-25,-0.0035457166209200293,-0.003945716620920029,0.0024038461538462563,25
2025-03-26,-0.010207540499896254,-0.010607540499896255,-0.011938275466583215,25
2025-03-27,-0.021131780970335415,-0.021531780970335413,-0.0026556921507588926,25
2025-03-28,-0.004006486593329205,-0.0044064865933292055,-0.020138252098469533,25
2025-03-31,-0.04474729299115329,-0.0451472929911533,0.006712738005254959,25
2025-04-01,0.0036702872835118333,0.0032702872835118336,0.0028245052646633795,25
2025-04-02,-0.02552110125863668,-0.025921101258636677,0.006328324152806708,25
2025-04-03,-0.08361907416053532,-0.08401907416053532,-0.049280804931623234,25
2025-04-04,-0.049075827138520524,-0.04947582713852053,-0.05854294764300372,25
2025-04-07,-0.07438537901972367,-0.07478537901972367,-0.0017811906269790123,25
2025-04-08,0.06663512758521532,0.06623512758521533,-0.01566279392521508,25
2025-04-09,0.006078848451010766,0.005678848451010765,0.10501933612632941,25
2025-04-10,-0.037880379786676875,-0.03828037978667688,-0.04381903685611166,25
2025-04-11,0.0012316099578777925,0.0008316099578777925,0.017842845705135613,25
2025-04-14,0.03845741439187596,0.03805741439187595,0.009701464584035646,25
2025-04-15,0.005076718126398476,0.004676718126398476,-0.002800860661819282,25
2025-04-16,-0.03518923598687306,-0.035589235986873066,-0.022228009151615602,25
2025-04-17,0.004952289011999763,0.0045522890119997625,0.0014267777650953661,25
2025-04-21,-0.014292278753716865,-0.014692278753716866,-0.02380273930966348,25
2025-04-22,0.022196557967302865,0.021796557967302867,0.026017747334007968,25
2025-04-23,0.06156165294381812,0.06116165294381812,0.015495495495495337,25
2025-04-24,0.006359529673243586,0.005959529673243586,0.021048896193642586,25
2025-04-25,0.00035513782696961605,-4.486217303038397e-05,0.007225301359088165,25
2025-04-28,0.006958798126251152,0.006558798126251152,0.0003813744006975206,25
2025-04-29,-0.0010249576047005953,-0.0014249576047005953,0.006299355541435903,25
2025-04-30,-0.04306891996448102,-0.043468919964481025,0.0003968826670512904,25
2025-05-01,0.031149257416789127,0.03074925741678913,0.007086954953655411,25
2025-05-02,0.02023876825376134,0.01983876825376134,0.014844127706054033,25
2025-05-05,-0.018859576390036503,-0.0192595763900365,-0.005734349636530411,25
2025-05-06,-0.021460540082936623,-0.02186054008293662,-0.008358325495554708,25
2025-05-07,-0.012818148241900959,-0.01321814824190096,0.004205440229062329,25
2025-05-08,0.0451742179272203,0.0447742179272203,0.006967833912500998,25
2025-05-09,-0.0006398816641414969,-0.0010398816641414969,-0.0012742009698083478,25
2025-05-12,0.0568061896058742,0.056406189605874194,0.033047453662685466,25
2025-05-13,0.008290524958873436,0.007890524958873435,0.006603886859122943,25
2025-05-14,0.010431496801599029,0.010031496801599028,0.0012780314906959411,25
2025-05-15,-0.015254519370086162,-0.015654519370086162,0.004884358140880618,25
2025-05-16,0.009832763079903458,0.009432763079903457,0.006334044643159675,25
2025-05-19,-0.0291434633884618,-0.029543463388461796,0.0010939077751599413,25
2025-05-20,0.006719323788891329,0.006319323788891329,-0.003362192149281351,25
2025-05-21,-0.0064534525449478465,-0.006853452544947847,-0.016850805431390725,25
2025-05-22,0.00427555338510238,0.0038755533851023804,0.0003946059087946985,25
2025-05-23,-0.01853968120367603,-0.018939681203676027,-0.006825704436707936,25
2025-05-27,0.025936912101722588,0.02553691210172259,0.020790523389338844,25
2025-05-28,-0.0006862531663713952,-0.0010862531663713953,-0.0057853336716569,25
2025-05-29,0.020188003387228617,0.01978800338722862,0.003947390808704654,25
2025-05-30,-0.01336151588355531,-0.01376151588355531,-0.001118549275485048,25
2025-06-02,-0.004038192476927329,-0.004438192476927329,0.005632942533806196,25
2025-06-03,0.028411486414931835,0.028011486414931838,0.005702620168379191,25
2025-06-04,-0.0020926235402844015,-0.0024926235402844017,-0.00026841584324532874,25
2025-06-05,0.00047614163126398463,7.614163126398461e-05,-0.004832782373768718,25
2025-06-06,0.020159159790890117,0.01975915979089012,0.010268948655256738,25
2025-06-09,0.018909934316661905,0.018509934316661907,0.0009012918516539958,25
2025-06-10,0.005720148661124225,0.005320148661124225,0.0056696905016009325,25
2025-06-11,0.023051739734832162,0.022651739734832164,-0.002852026265172114,25
2025-06-12,-0.014782339129491964,-0.015182339129491965,0.003974324863642353,25
2025-06-13,-0.02928597257944157,-0.02968597257944157,-0.011180124223602483,25
2025-06-16,0.021374709828544683,0.020974709828544685,0.009514237855946295,25
2025-06-17,-0.008448242883788567,-0.008848242883788568,-0.008545164929979365,25
2025-06-18,0.005868514436232188,0.005468514436232188,-0.0001506200525495105,25
2025-06-20,0.01452388240743952,0.014123882407439519,-0.005289234065345649,25
2025-06-23,-0.01967455471983018,-0.020074554719830176,0.00987749882210398,25
2025-06-24,0.025523534654235982,0.025123534654235984,0.01104723819045228,25
2025-06-25,0.01608028709192581,0.015680287091925812,0.0005603348824945176,25
2025-06-26,0.004934824968028307,0.004534824968028307,0.00782382395572534,25
2025-06-27,0.006074849406569643,0.005674849406569643,0.004968375635347355,25
2025-06-30,0.01272942092193362,0.012329420921933619,0.004781187490852323,25
2025-07-01,-0.01008759715858063,-0.01048759715858063,-0.00032370316419849665,25
2025-07-02,0.004277690726689047,0.0038776907266890475,0.004533311746134583,25
2025-07-03,0.002145546860339218,0.0017455468603392184,0.007881376420340036,25
2025-07-07,-0.011651501533221644,-0.012051501533221645,-0.007451946141299293,25
2025-07-08,0.011870211697634497,0.011470211697634496,-0.0005477862988978455,25
2025-07-09,0.013686171821907822,0.01328617182190782,0.0059967114808006095,25
2025-07-10,0.000564735089295778,0.00016473508929577808,0.0028202416434319755,25
2025-07-11,-0.00417967618482586,-0.00457967618482586,-0.0035153878111917614,25
2025-07-14,0.0034531533843364937,0.003053153384336494,0.0019082133350436514,25
2025-07-15,0.010985120364543294,0.010585120364543293,-0.004273299082921178,25
2025-07-16,0.014428941095228827,0.014028941095228826,0.003343298935930994,25
2025-07-17,0.005395137673062056,0.004995137673062056,0.006119637307359538,25
2025-07-18,0.015092412703439006,0.014692412703439005,-0.0007324374243677934,25
2025-07-21,0.012080929954330473,0.011680929954330472,0.0018961725995090273,25
2025-07-22,0.0012809343401344146,0.0008809343401344145,0.00014313660002862605,25
2025-07-23,0.013445548828023096,0.013045548828023095,0.008507457939764151,25
2025-07-24,-0.0006262560903346733,-0.0010262560903346735,0.0003311206067388994,25
2025-07-25,-0.0047188309841491895,-0.00511883098414919,0.004224330884902816,25
2025-07-28,0.01599369653896466,0.01559369653896466,-0.000251137968921622,25
2025-07-29,0.0014229280863141418,0.0010229280863141418,-0.002637611077966673,25
2025-07-30,0.005752010559372871,0.005352010559372871,-0.001259326889777368,25
2025-07-31,0.021559566027481,0.021159566027481,-0.0037512215112063263,25
2025-08-01,-0.048361572052713984,-0.04876157205271399,-0.016390330337931913,25
2025-08-04,0.01720251422849171,0.016802514228491713,0.01519976838448156,25
2025-08-05,0.003410613920575707,0.0030106139205757073,-0.005069949458941236,25
2025-08-06,0.004824408896235455,0.004424408896235455,0.00765960157332346,25
2025-08-07,0.009782170216843805,0.009382170216843804,-0.000837573880337561,25
2025-08-08,0.014944060130089244,0.014544060130089242,0.007797548438117863,25
2025-08-11,0.0024892986001124576,0.002089298600112458,-0.0019774631972127032,25
2025-08-12,-0.008095594409020372,-0.008495594409020372,0.010645993206692905,25
2025-08-13,0.009363568834836286,0.008963568834836285,0.0034231122314023477,25
2025-08-14,-0.025667094575751927,-0.026067094575751924,9.303912295122174e-05,25
2025-08-15,-0.005476631086728094,-0.0058766310867280945,-0.0023412667648654573,25
2025-08-18,-0.0050999237606083265,-0.005499923760608327,-0.00021758050478692947,25
2025-08-19,-0.005457577473978654,-0.005857577473978654,-0.005425151562257091,25
2025-08-20,-0.009748262068265894,-0.010148262068265895,-0.0026570388083961838,25
2025-08-21,-0.006564114033488511,-0.006964114033488511,-0.004011847487110476,25
2025-08-22,-0.004014158861916148,-0.004414158861916148,0.015356777594209836,25
2025-08-25,-0.002173659179796998,-0.002573659179796998,-0.004400985572825311,25
2025-08-26,0.004322358513832803,0.003922358513832803,0.004186965928370201,25
2025-08-27,-0.00191245125075671,-0.00231245125075671,0.0022785045570090645,25
2025-08-28,0.01132712067134556,0.01092712067134556,0.0035414379165827903,25
2025-08-29,-0.00010951221122002832,-0.0005095122112200284,-0.005963755162423756,25
2025-09-02,-0.031043992940962238,-0.031443992940962236,-0.007410278273002002,25
2025-09-03,0.011098393390834987,0.010698393390834986,0.005419588611054849,25
2025-09-04,-0.00031264542855199604,-0.0007126454285519961,0.008357411377264201,25
2025-09-05,0.019275082999554074,0.018875082999554076,-0.002896228740448592,25
2025-09-08,0.005847242560643173,0.005447242560643173,0.0024565848835054194,25
2025-09-09,0.005794880056784739,0.005394880056784739,0.0023118536442519044,25
2025-09-10,0.01289369664440664,0.01249369664440664,0.002890840035059128,25
2025-09-11,0.004020145780553417,0.0036201457805534174,0.008310206835221656,25
2025-09-12,0.007305620297667308,0.006905620297667308,-0.0003345346167298313,25
2025-09-15,0.008385120259568968,0.007985120259568967,0.005323922666220504,25
2025-09-16,0.0006854186437014814,0.0002854186437014813,-0.0013768894403171084,25
2025-09-17,-0.0011553009552192914,-0.0015553009552192914,-0.001242424242424267,25
2025-09-18,0.02021368557402048,0.01981368557402048,0.004672471858976346,25
2025-09-19,0.001884890542028628,0.0014848905420286281,0.0021743726029053168,25
2025-09-22,-0.018104467083089864,-0.01850446708308986,0.004731053186680656,25
2025-09-23,0.008081702974025442,0.0076817029740254405,-0.005443584667986334,25
2025-09-24,0.0072377115856418995,0.006837711585641899,-0.003181496057055866,25
2025-09-25,-0.04159010139556369,-0.041990101395563695,-0.004613522916351642,25
2025-09-26,0.0016898935344464808,0.0012898935344464809,0.005729047944685206,25
2025-09-29,0.02360042272273971,0.023200422722739714,0.0028104318394728267,25
2025-09-30,-0.0034347244398708642,-0.003834724439870864,0.0037668756027000594,25
2025-10-01,-0.0008679630410235936,-0.0012679630410235936,0.0034074874658502896,25
2025-10-02,0.026225037688295844,0.025825037688295846,0.0011519186176975893,25
2025-10-03,0.01521973874698921,0.014819738746989209,-1.4942769194004057e-05,25
2025-10-06,0.023923341050206413,0.023523341050206415,0.0035863181960820167,25
2025-10-07,0.017784876122296147,0.01738487612229615,-0.00370750882208426,25
2025-10-08,0.008340186067683308,0.007940186067683307,0.005963055954088858,25
2025-10-09,0.00563902188273119,0.00523902188273119,-0.0028970004902616475,25
2025-10-10,0.02473729406242196,0.024337294062421962,-0.027027832409559527,25
2025-10-13,0.04749993622628368,0.047099936226283674,0.01534409359590816,25
2025-10-14,-0.02523795212720225,-0.025637952127202247,-0.0012216457528956282,25
2025-10-15,0.03451496951892604,0.034114969518926036,0.0044395451731271685,25
2025-10-16,0.013882934060617124,0.013482934060617123,-0.006810289099027256,25
2025-10-17,-0.030918800153328502,-0.031318800153328503,0.005676313877452266,25
2025-10-20,0.027587948127022532,0.027187948127022535,0.010400517768178297,25
2025-10-21,-0.016027187728676697,-0.016427187728676695,-1.4896469536673784e-05,25
2025-10-22,-0.018690453932144125,-0.019090453932144123,-0.005198945314245695,25
2025-10-23,0.026059869508469523,0.025659869508469525,0.005929919137466433,25
2025-10-24,0.04363201690619386,0.043232016906193854,0.008172561629153252,25
2025-10-27,0.030367911271481512,0.029967911271481514,0.011797711332595107,25
2025-10-28,0.006664662240778765,0.006264662240778765,0.002656003735917345,25
2025-10-29,0.0042746780668323275,0.0038746780668323278,0.0004803073967338811,25
2025-10-30,-0.02508768258304164,-0.025487682583041637,-0.010998123336097287,25
2025-10-31,0.022290551127705494,0.021890551127705497,0.0032802318226614613,25
2025-11-03,0.013655583113032442,0.01325558311303244,0.0018766677418409206,25
2025-11-04,-0.06136008202945188,-0.061760082029451886,-0.01185354289226448,25
2025-11-05,0.018069035887949315,0.017669035887949318,0.0034654345121734043,25
2025-11-06,-0.004128829699743788,-0.004528829699743788,-0.010729360370731245,25
2025-11-07,-0.05408407027910163,-0.05448407027910163,0.000984619056854319,25
2025-11-10,0.04402311020028655,0.043623110200286544,0.015604274408691943,25
2025-11-11,-0.006066875056876753,-0.006466875056876753,0.002289269781638792,25
2025-11-12,0.012702679677030764,0.012302679677030763,0.0005563689604686228,25
2025-11-13,-0.022206513517993957,-0.022606513517993955,-0.016593988703210605,25
2025-11-14,-0.056523628084819755,-0.05692362808481976,-0.0001636807332896506,25
2025-11-17,-0.005191947026010832,-0.005591947026010832,-0.009316446653669264,25
2025-11-18,-0.01650866979138874,-0.016908669791388737,-0.008397554343743785,25
2025-11-19,0.009274346088791182,0.008874346088791181,0.0038631681008360896,25
2025-11-20,0.05760986345837126,0.05720986345837126,-0.015242292078535558,25
2025-11-21,-0.0031432607016123625,-0.0035432607016123623,0.00996122783626796,25
2025-11-24,0.01467353358516601,0.014273533585166009,0.014718601581111601,25
2025-11-25,-0.021120531034615326,-0.021520531034615323,0.009405888774243643,25
2025-11-26,0.01856356597033604,0.018163565970336044,0.006903499155580528,25
2025-11-28,0.017349563756836713,0.016949563756836716,0.005458451035781575,25
2025-12-01,-0.03320418731619347,-0.033604187316193475,-0.0045654750581659576,25
2025-12-02,0.013439187368246827,0.013039187368246826,0.0018522057418377535,25
2025-12-03,0.0008948004411920034,0.0004948004411920033,0.0034627969421743288,25
2025-12-04,-0.006202655022155441,-0.006602655022155441,0.0007311117284942714,25
2025-12-05,-0.00462963088912244,-0.00502963088912244,0.0018995017460805563,25
2025-12-08,0.01867722861309788,0.01827722861309788,-0.003004273068004548,25
2025-12-09,-0.011651776761435601,-0.012051776761435602,-0.0008630399485102247,25
2025-12-10,-0.010918920077910522,-0.011318920077910523,0.006632115249473047,25
2025-12-11,-0.014844676386249844,-0.015244676386249845,0.002327035792719201,25
2025-12-12,-0.012171660895345835,-0.012571660895345836,-0.010752064077078183,25
2025-12-15,0.007253496407725368,0.006853496407725368,-0.0015107955878901347,25
2025-12-16,-0.01317192755823969,-0.013571927558239692,-0.0027323608479132844,25
2025-12-17,0.018116380249546985,0.017716380249546988,-0.011003579477661396,25
2025-12-18,0.041054483600323946,0.04065448360032394,0.007551385165326163,25
2025-12-19,0.01749855576555527,0.017098555765555273,0.006090440078643455,25
2025-12-22,0.0259799218048001,0.025579921804800104,0.006229888772976366,25
2025-12-23,-0.020081598866721104,-0.0204815988667211,0.004570477344742585,25
2025-12-24,-0.002533809812395313,-0.002933809812395313,0.0035176463747892406,25
2025-12-26,-0.00032306093878299493,-0.0007230609387829949,-0.00010139343549930846,25
2025-12-29,-0.020124364958753152,-0.02052436495875315,-0.003563616346279108,25
2025-12-30,0.0030289507285284813,0.0026289507285284816,-0.001221196481791087,25
2025-12-31,0.003015124562105145,0.0026151245621051453,-0.007408916900772944,25
2026-01-02,0.02315038111744251,0.022750381117442514,0.0018330595964335394,25
2026-01-05,0.02654795830846032,0.026147958308460322,0.006660128518523933,25
2026-01-06,0.006462224263480403,0.006062224263480403,0.005947187808991838,25
2026-01-07,-0.01878402181577779,-0.019184021815777788,-0.003223428397970407,25
2026-01-08,0.0005597854290901475,0.0001597854290901475,-0.00010151106470612792,25
2026-01-09,0.02241744850857822,0.022017448508578223,0.006613392119041217,25
2026-01-12,0.0013144440837846098,0.0009144440837846097,0.0015704467849062542,25
2026-01-13,0.011018581803381609,0.010618581803381608,-0.0019995396743195393,25
2026-01-14,0.0005307121228446436,0.00013071212284464348,-0.0049151736166164195,25
2026-01-15,0.006603468396242987,0.0062034683962429865,0.0027232168723565486,25
2026-01-16,0.009876240615510429,0.009476240615510428,-0.0008378597018375844,25
2026-01-20,-0.020384510813119636,-0.020784510813119633,-0.02035682271636341,25
2026-01-21,0.020692467075776225,0.020292467075776227,0.011541072640868899,25
2026-01-22,0.013838704556243987,0.013438704556243986,0.0052232273125183415,25
2026-01-23,0.0045230367467937295,0.004123036746793729,0.000362855235275239,25
2026-01-26,0.013482105114983309,0.013082105114983308,0.005078130667556469,25
2026-01-27,0.012824326039098366,0.012424326039098365,0.003984236282534415,25
2026-01-28,0.019397177090004856,0.018997177090004858,-0.00010064846367319191,25
2026-01-29,-0.003208132736254461,-0.0036081327362544606,-0.0019844122976042655,25
2026-01-30,-0.013943085405013511,-0.014343085405013513,-0.002982537029565968,25
2026-02-02,0.008250509483150528,0.007850509483150527,0.004971313785279596,25
2026-02-03,0.04412119140125698,0.04372119140125698,-0.008455443551286246,25
2026-02-04,-0.011662746006722421,-0.012062746006722422,-0.004843879164068143,25
2026-02-05,-0.038157128178813206,-0.03855712817881321,-0.012489252247919747,25
2026-02-06,0.04372153895567869,0.04332153895567869,0.01918479383725402,25
2026-02-09,-0.0010553073134400921,-0.0014553073134400923,0.004821754365642583,25
2026-02-10,-0.01100064221948347,-0.01140064221948347,-0.0026370775992506923,25
2026-02-11,0.02132281765402283,0.020922817654022832,-0.00023117378489279083,25
2026-02-12,-0.0006536557543654227,-0.0010536557543654227,-0.015448869876871552,25
2026-02-13,0.006982234112210577,0.006582234112210577,0.0007045664714431243,25
2026-02-17,-0.02323451266841573,-0.02363451266841573,0.0016134946828016972,25
2026-02-18,0.0049310745481661745,0.004531074548166174,0.005037709599472695,25
2026-02-19,-0.014214238022182517,-0.014614238022182518,-0.002637369042241544,25
2026-02-20,-0.0034623300889995833,-0.003862330088999583,0.007231767180925663,25
2026-02-23,-0.016323988371117322,-0.01672398837111732,-0.010211334000551076,25
2026-02-24,-0.010516065370848232,-0.010916065370848233,0.007268570758657056,25
2026-02-25,0.018848747451612483,0.018448747451612485,0.008438204699207086,25
2026-02-26,0.0030953446770854366,0.002695344677085437,-0.005554353314578431,25
2026-02-27,-0.03372617278793293,-0.03412617278793294,-0.004801973016103189,25
2026-03-02,-0.022810672992113225,-0.023210672992113223,0.0005685214070176858,25
2026-03-03,-0.06576643557018962,-0.06616643557018961,-0.0088143593927561,25
2026-03-04,0.02699825683028104,0.026598256830281043,0.00705539958549517,25
2026-03-05,-0.013427540769927847,-0.013827540769927848,-0.005575584195700145,25
2026-03-06,-0.02985419896822399,-0.030254198968223987,-0.013107102493725264,25
2026-03-09,-0.015668557885664843,-0.016068557885664844,0.008759927421993385,25
2026-03-10,0.01205776790085329,0.011657767900853289,-0.0016070296489598679,25
2026-03-11,0.004121384294791848,0.003721384294791848,-0.0012552054106735877,25
2026-03-12,-0.016821844354459613,-0.01722184435445961,-0.015184894947732785,25
2026-03-13,0.012890606219997465,0.012490606219997464,-0.005660150737170744,25
2026-03-16,0.02901364349766031,0.028613643497660313,0.010176810762656752,25
2026-03-17,0.00014607028805189195,-0.00025392971194810807,0.002630674259749277,25
2026-03-18,-0.008269412046945441,-0.008669412046945442,-0.013953696387841275,25
2026-03-19,-0.038633016243114354,-0.03903301624311436,-0.0024643575283854746,25
2026-03-20,-0.003323075639835862,-0.0037230756398358615,-0.01702030918460129,25
2026-03-23,0.01654878465719785,0.01614878465719785,0.01050002312780407,25
2026-03-24,-0.00847824996398664,-0.008878249963986642,-0.0033568311513931803,25
2026-03-25,0.017590342760523785,0.017190342760523787,0.005572736458556715,25
2026-03-26,-0.02701948412689204,-0.027419484126892036,-0.017858774093358898,25
2026-03-27,-0.007729384128724002,-0.008129384128724002,-0.017051884233207804,25
2026-03-30,0.014812754901549626,0.014412754901549625,-0.003343373968994978,25
2026-03-31,0.0268308247736153,0.026430824773615302,0.029067835498520544,25
2026-04-01,0.02468352359250996,0.024283523592509963,0.0075345204047112535,25
2026-04-02,-0.04527059780826765,-0.045670597808267654,0.0009004334289726135,25
2026-04-06,0.004502341454024044,0.004102341454024044,0.004726834698016047,25
2026-04-07,-0.0092940008805594,-0.009694000880559401,0.0004401074469215782,25
2026-04-08,0.06794009602411617,0.06754009602411618,0.025469494250781155,25
2026-04-09,-0.0002911373248092494,-0.0006911373248092494,0.005769145426842703,25
2026-04-10,0.01490101376614908,0.014501013766149078,-0.0006618523039813029,25
2026-04-13,-0.009297659586475592,-0.009697659586475593,0.009772466370352895,25
2026-04-14,0.03615407555056852,0.03575407555056852,0.012184812709517656,25
2026-04-15,0.0037089308600682094,0.0033089308600682097,0.007891023241079376,25
2026-04-16,0.008113055172278383,0.0077130551722783824,0.0024573534874416936,25
2026-04-17,0.012496990513994756,0.012096990513994755,0.012085625516631948,25
2026-04-20,-0.005943528980047374,-0.006343528980047374,-0.001999605711549779,25
2026-04-21,0.005198682832861854,0.0047986828328618536,-0.006547014335703816,25
2026-04-22,0.031812652361980255,0.03141265236198025,0.010126690148846818,25
2026-04-23,-0.006769859078517912,-0.0071698590785179124,-0.003880710338718507,25
2026-04-24,0.01906397427324767,0.01866397427324767,0.007749311878043619,25
2026-04-27,-0.0048042311350586205,-0.005204231135058621,0.0017228338515840047,25
2026-04-28,-0.03733857674774758,-0.03773857674774758,-0.004865975921808707,25
2026-04-29,0.017350875318999637,0.01695087531899964,-0.00015456167713467917,25
2026-04-30,0.01889587497309966,0.018495874973099662,0.009949689423536245,25
2026-05-01,-0.00393162897410797,-0.00433162897410797,0.0027690423844377587,25
2026-05-04,0.016271371125101134,0.015871371125101136,-0.0036633594671476866,25
2026-05-05,0.015005899098041764,0.014605899098041763,0.00802217239314218,25
2026-05-06,0.016684150044839606,0.01628415004483961,0.013899443193279737,25
2026-05-07,-0.0200857052638524,-0.020485705263852398,-0.0030661052287314083,25
2026-05-08,0.029315825850772328,0.02891582585077233,0.008256103228628353,25
2026-05-11,0.00013194915626327605,-0.00026805084373672397,0.002277595509883046,25
2026-05-12,-0.025674658150702877,-0.026074658150702874,-0.0015149465710807553,25
2026-05-13,0.03349827043853312,0.03309827043853312,0.005594841366604264,25
2026-05-14,-0.0034689058423059958,-0.0038689058423059955,0.007894275976344067,25
2026-05-15,-0.03793348220479986,-0.03833348220479987,-0.012029351617947825,25
2026-05-18,0.002497880015197325,0.002097880015197325,-0.0007034917542648733,25
2026-05-19,-0.024590245001948882,-0.02499024500194888,-0.006660800108305609,25
2026-05-20,0.025588395619939783,0.025188395619939786,0.010249001676365888,25
2026-05-21,0.00950238134990754,0.009102381349907538,0.001983136593591839,25
2026-05-22,0.004728705385383441,0.004328705385383441,0.003931495045239153,25
2026-05-26,0.04014137580070979,0.039741375800709786,0.0066385923501959265,25
2026-05-27,0.00940259294032262,0.009002592940322619,-0.00017319708495977526,25
2026-05-28,0.010833467348249736,0.010433467348249735,0.005516616475228497,25
2026-05-29,-0.002040443481452376,-0.0024404434814523763,0.002491386164855447,25
2026-06-01,-0.016562860026121378,-0.016962860026121376,0.002723138747884768,25
2026-06-02,0.015767145983912774,0.015367145983912775,0.0013578717008992935,25
2026-06-03,0.0007310157075368199,0.00033101570753681986,-0.007017128111958093,25
2026-06-04,-0.03502995289750477,-0.03542995289750477,0.0037786380992788082,25
2026-06-05,-0.04323749932373497,-0.04363749932373497,-0.025809348954549782,25
2026-06-08,0.04258402467583178,0.04218402467583177,0.002264253270964689,25
2026-06-09,0.02103141144766365,0.02063141144766365,-0.002935526636184238,25
2026-06-10,-0.007222299426497165,-0.007622299426497165,-0.015765551862153226,25
2026-06-11,0.008723520643466777,0.008323520643466776,0.016996815681733723,25
2026-06-12,0.006434316604094459,0.006034316604094459,0.0054082628497071905,25
2026-06-15,0.05875467431787976,0.05835467431787975,0.017633973710819095,25
2026-06-16,-0.006383906729301669,-0.0067839067293016695,-0.005961607249314382,25
2026-06-17,0.013246982803603032,0.012846982803603031,-0.012487838684312247,25
2026-06-18,0.03213224949830567,0.031732249498305665,0.00780069099546532,25
2026-06-22,0.015594046182871938,0.015194046182871937,-0.0031470123470016542,25
2026-06-23,-0.07265450447505116,-0.07305450447505116,-0.01452195757600172,25
2026-06-24,-0.0021908547991961853,-0.0025908547991961854,-0.00046348046566158096,25
2026-06-25,0.04899090495205309,0.048590904952053086,0.001445638535813476,25
2026-06-26,-0.037268766556268255,-0.03766876655626826,-0.007231376821462576,25
2026-06-29,0.01499626030005536,0.014596260300055359,0.016474848763357475,25
2026-06-30,-0.00442438271354066,-0.00482438271354066,0.007786774628879778,25
2026-07-01,-0.043971593377351084,-0.04437159337735109,-0.00135249139628002,25
2026-07-02,-0.000881514285156388,-0.0012815142851563882,-0.0013140956876207532,25
2026-07-06,0.03062818358904401,0.030228183589044014,0.008727409436343647,25
2026-07-07,-0.04767313724274022,-0.048073137242740226,-0.004751890107549728,25
2026-07-08,-0.011287875966697872,-0.011687875966697873,-0.003089433068970693,25
2026-07-09,0.049657361347389184,0.04925736134738918,0.008465253555138164,25
2026-07-10,-0.013610279594649647,-0.014010279594649648,0.0043101728060024325,25
2026-07-13,-0.03438702206921413,-0.034787022069214135,-0.0076561361679582385,25
2026-07-14,0.05258885507658631,0.052188855076586306,0.003550595992898975,25
2026-07-15,0.005024581997729123,0.004624581997729122,0.003963661998057866,25
2026-07-16,-0.037631199220569296,-0.0380311992205693,-0.005418582159748664,25
2026-07-17,-0.0396025181594024,-0.0400025181594024,-0.009897165387894424,25
2026-07-20,0.027042259012288402,0.026642259012288404,-0.0016144438913477943,25
2026-07-21,0.05069470634114413,0.05029470634114413,0.008341306310555296,25
2026-07-22,-0.028802195164163016,-0.029202195164163013,-0.0011626663815683669,25
2026-07-23,-0.01479529302689229,-0.01519529302689229,-0.012349312960757808,25
2026-07-24,-0.014105719253252741,-0.014505719253252742,0.0010160123547102717,25
2026-07-27,0.015647664294184356,0.015247664294184357,0.00021652930588844654,25
2026-07-28,-0.05319109550204408,-0.053591095502044085,0.002394836894018315,25
2026-07-29,0.010338668769086486,0.009938668769086485,-0.015387522608859894,25
2026-07-30,0.09038052952806544,0.08998052952806544,0.016765826775971382,25
2026-07-31,0.07558241200952824,0.07518241200952824,0.00719977349027201,25
2026-08-03,-0.03192845632633534,-0.032328456326335346,0.01424306922078089,25
2026-08-04,0.02094840608485917,0.020548406084859173,0.018028957197724793,25
2026-08-05,-0.01528854784188088,-0.01568854784188088,-0.0019965514111989213,25
2026-08-06,-0.029768590725819357,-0.030168590725819355,-0.0015978383715039568,25
2026-08-07,0.03723090682763916,0.036830906827639155,0.006115332570001186,25
2026-08-10,0.008569639708097166,0.008169639708097165,-0.0002974419988102106,25
2026-08-11,0.0180610983021625,0.017661098302162503,-0.0031952188142763127,25
2026-08-12,0.06847129160223663,0.06807129160223663,0.0025046719269103956,25
2026-08-13,-0.009060366316501879,-0.00946036631650188,0.006977436601121045,25
2026-08-14,0.007473553216871366,0.007073553216871366,-0.001979739805625491,25
2026-08-17,0.01697966183032351,0.016579661830323514,-0.004727310199139634,25
2026-08-18,-0.0491554778374629,-0.049555477837462905,-0.00675579484126454,25
2026-08-19,0.008702264367403605,0.008302264367403604,0.002097856537885079,25
2026-08-20,-0.001937127556570441,-0.0023371275565704413,-0.008399864769978782,25
2026-08-21,0.015448726243279092,0.015048726243279091,0.004091266719118858,25
2026-08-24,-0.03137108265495524,-0.031771082654955235,-0.002938410907381339,25
2026-08-25,0.027936458080380894,0.027536458080380896,0.003195934352364871,25
2026-08-26,-0.008558827738889998,-0.008958827738889999,0.0002219581935214432,25
2026-08-27,0.03464554041710575,0.034245540417105744,0.0065528404344192825,25
2026-08-28,-0.02080056965001393,-0.021200569650013927,-0.0022694851510828284,25
2026-08-31,0.00020120712866149613,-0.0001987928713385039,-0.002989536621823663,25
2026-09-01,-0.022817537592712944,-0.02321753759271294,-0.006870477804575947,25
2026-09-02,-0.009680728751857796,-0.010080728751857797,0.004436976554910821,25
2026-09-03,-0.004908346157709231,-0.005308346157709231,0.010468398766271036,25
2026-09-04,0.012914723326376741,0.01251472332637674,-0.0038542623226456296,25
2026-09-08,0.022335939977082497,0.0219359399770825,-0.005492151287344704,25
2026-09-09,-0.0029679311097018956,-0.0033679311097018954,-0.004647762285236889,25
2026-09-10,-0.030700640325585997,-0.031100640325585995,-0.005994228751311614,25
2026-09-11,0.019675167321272224,0.019275167321272227,0.008524339231753775,25
2026-09-14,-0.07045581005899831,-0.07085581005899831,-0.004461657224351989,25
2026-09-15,0.007909517431187006,0.007509517431187005,-0.00458679423825048,25
2026-09-16,0.023001734035851127,0.02260173403585113,-0.004409881302895546,25
2026-09-17,0.046163755919637235,0.04576375591963723,0.011338770638551932,25
2026-09-18,0.017072087136517634,0.016672087136517636,-0.001193286126409565,25
2026-09-21,0.028784850445352284,0.028384850445352286,0.015504995470598137,25
2026-09-22,-0.01266174788953798,-0.013061747889537982,-0.00015513897866836768,25
2026-09-23,-0.0023946698468838967,-0.0027946698468838964,-0.007202151594300377,25
2026-09-24,-0.02299070965892252,-0.023390709658922516,-0.0008205154921139268,25
2026-09-25,0.013269432038517387,0.012869432038517386,0.005435491019056826,25
2026-09-28,-0.013924420600020996,-0.014324420600020997,-0.007441498671160951,25
2026-09-29,0.022852485423361175,0.022452485423361177,-0.0018416687347343474,25
2026-09-30,0.007551195419884543,0.007151195419884543,-0.002054436011515337,25
2026-10-01,0.0034962650698249133,0.0030962650698249136,0.0017833025189148977,25
2026-10-02,0.011717175445835651,0.01131717544583565,0.007395384756345047,25
